,r1,wave,theta,phi,t,p
0,0.25,4.0,0.0,0.0,0.6492915671372222,1.134497152872235
1,0.2505,4.0,0.0,0.0,0.6491135185154766,1.1383320641547277
2,0.251,4.0,0.0,0.0,0.6489334489268124,1.1421863256815057
3,0.2515,4.0,0.0,0.0,0.6487513699838479,1.1460599844413444
4,0.252,4.0,0.0,0.0,0.6485672942517242,1.149953087615057
5,0.25249999999999995,4.0,0.0,0.0,0.6483812352689549,1.1538656826015359
6,0.253,4.0,0.0,0.0,0.648193207568513,1.1577978170438261
7,0.2535,4.0,0.0,0.0,0.6480032266991155,1.1617495388566375
8,0.25399999999999995,4.0,0.0,0.0,0.6478113092467572,1.165720896254384
9,0.2545,4.0,0.0,0.0,0.6476174728564625,1.1697119377798857
10,0.255,4.0,0.0,0.0,0.6474217362542378,1.1737227123343827
11,0.2555,4.0,0.0,0.0,0.6472241192692599,1.1777532692079467
12,0.256,4.0,0.0,0.0,0.6470246428563053,1.1818036581111606
13,0.2565,4.0,0.0,0.0,0.6468233291183665,1.185873929207345
14,0.257,4.0,0.0,0.0,0.6466202013295191,1.1899641331460815
15,0.25749999999999995,4.0,0.0,0.0,0.6464152839579986,1.194074321097393
16,0.258,4.0,0.0,0.0,0.6462086026895204,1.1982045447869254
17,0.2585,4.0,0.0,0.0,0.6460001844507889,1.2023548565321873
18,0.25899999999999995,4.0,0.0,0.0,0.6457900574332848,1.2065253092799593
19,0.2595,4.0,0.0,0.0,0.6455782511172168,1.210715956644298
20,0.26,4.0,0.0,0.0,0.645364796295772,1.214926852945936
21,0.2605,4.0,0.0,0.0,0.6451497250995273,1.2191580532525457
22,0.26099999999999995,4.0,0.0,0.0,0.6449330710211391,1.223409613420246
23,0.2615,4.0,0.0,0.0,0.6447148689402395,1.227681590136249
24,0.262,4.0,0.0,0.0,0.6444951551485874,1.231974040962294
25,0.26249999999999996,4.0,0.0,0.0,0.6442739673754109,1.2362870243796507
26,0.263,4.0,0.0,0.0,0.6440513448130556,1.2406205998350377
27,0.2635,4.0,0.0,0.0,0.6438273281428029,1.2449748277879389
28,0.26399999999999996,4.0,0.0,0.0,0.6436019595609631,1.2493497697588893
29,0.26449999999999996,4.0,0.0,0.0,0.6433752828052148,1.2537454883793482
30,0.265,4.0,0.0,0.0,0.6431473431811732,1.2581620474424282
31,0.2655,4.0,0.0,0.0,0.6429181875892152,1.262599511955431
32,0.26599999999999996,4.0,0.0,0.0,0.6426878645515537,1.2670579481931405
33,0.2665,4.0,0.0,0.0,0.6424564242395682,1.2715374237531085
34,0.267,4.0,0.0,0.0,0.6422239185013736,1.2760380076118147
35,0.26749999999999996,4.0,0.0,0.0,0.641990400889693,1.2805597701825049
36,0.268,4.0,0.0,0.0,0.6417559266899421,1.2851027833742652
37,0.2685,4.0,0.0,0.0,0.6415205529486178,1.2896671206529415
38,0.26899999999999996,4.0,0.0,0.0,0.6412843385019349,1.2942528571031353
39,0.26949999999999996,4.0,0.0,0.0,0.6410473440047662,1.2988600694920558
40,0.27,4.0,0.0,0.0,0.6408096319598323,1.3034888363348287
41,0.2705,4.0,0.0,0.0,0.6405712667472048,1.3081392379613312
42,0.27099999999999996,4.0,0.0,0.0,0.640332314654071,1.312811356584922
43,0.2715,4.0,0.0,0.0,0.6400928439048269,1.3175052763724355
44,0.272,4.0,0.0,0.0,0.6398529246914463,1.3222210835163928
45,0.27249999999999996,4.0,0.0,0.0,0.6396126292041714,1.3269588663085095
46,0.27299999999999996,4.0,0.0,0.0,0.6393720316624957,1.3317187152153682
47,0.2735,4.0,0.0,0.0,0.6391312083465023,1.3365007229556474
48,0.27399999999999997,4.0,0.0,0.0,0.6388902376284936,1.3413049845792053
49,0.27449999999999997,4.0,0.0,0.0,0.63864920000498,1.3461315975485246
50,0.275,4.0,0.0,0.0,0.6384081781289817,1.3509806618215012
51,0.2755,4.0,0.0,0.0,0.6381672568427084,1.3558522799363988
52,0.27599999999999997,4.0,0.0,0.0,0.6379265232105681,1.3607465570994124
53,0.2765,4.0,0.0,0.0,0.6376860665525577,1.3656636012734618
54,0.277,4.0,0.0,0.0,0.6374459784780137,1.37060352326976
55,0.27749999999999997,4.0,0.0,0.0,0.6372063529197446,1.3755664368411766
56,0.27799999999999997,4.0,0.0,0.0,0.6369672861685562,1.380552458778269
57,0.2785,4.0,0.0,0.0,0.636728876908168,1.385561709007122
58,0.27899999999999997,4.0,0.0,0.0,0.6364912262505447,1.3905943106898744
59,0.27949999999999997,4.0,0.0,0.0,0.6362544377716288,1.3956503903275153
60,0.28,4.0,0.0,0.0,0.6360186175475094,1.400730077865327
61,0.2805,4.0,0.0,0.0,0.6357838741910251,1.4058335068004169
62,0.28099999999999997,4.0,0.0,0.0,0.635550318888812,1.410960814292416
63,0.2815,4.0,0.0,0.0,0.6353180654387882,1.416112141276291
64,0.28200000000000003,4.0,0.0,0.0,0.6350872302881326,1.4212876325783834
65,0.2825,4.0,0.0,0.0,0.6348579325717205,1.426487437034733
66,0.283,4.0,0.0,0.0,0.6346302941510361,1.4317117076124388
67,0.28350000000000003,4.0,0.0,0.0,0.6344044396535995,1.4369606015342729
68,0.284,4.0,0.0,0.0,0.6341804965128823,1.4422342804057098
69,0.2845,4.0,0.0,0.0,0.6339585950087505,1.4475329103454433
70,0.28500000000000003,4.0,0.0,0.0,0.6337388683084156,1.4528566621190526
71,0.28550000000000003,4.0,0.0,0.0,0.6335214525079439,1.4582057112754854
72,0.286,4.0,0.0,0.0,0.6333064866742915,1.4635802382875631
73,0.2865,4.0,0.0,0.0,0.633094112887893,1.468980428695058
74,0.28700000000000003,4.0,0.0,0.0,0.6328844762858317,1.4744064732521462
75,0.2875,4.0,0.0,0.0,0.6326777251055519,1.4798585680776823
76,0.288,4.0,0.0,0.0,0.632474010729186,1.4853369148096052
77,0.2885,4.0,0.0,0.0,0.6322734877284392,1.4908417207629963
78,0.28900000000000003,4.0,0.0,0.0,0.632076313910071,1.4963731990922287
79,0.2895,4.0,0.0,0.0,0.6318826503620097,1.5019315689564827
80,0.29,4.0,0.0,0.0,0.6316926615000276,1.5075170556903086
81,0.29050000000000004,4.0,0.0,0.0,0.6315065151150593,1.5131298909775215
82,0.291,4.0,0.0,0.0,0.6313243824211163,1.5187703130300383
83,0.2915,4.0,0.0,0.0,0.6311464381038351,1.5244385667708407
84,0.29200000000000004,4.0,0.0,0.0,0.6309728603696215,1.5301349040215342
85,0.2925,4.0,0.0,0.0,0.6308038309954275,1.5358595836948536
86,0.293,4.0,0.0,0.0,0.6306395353791379,1.5416128719917621
87,0.29350000000000004,4.0,0.0,0.0,0.6304801625905645,1.547395042603503
88,0.29400000000000004,4.0,0.0,0.0,0.6303259054230576,1.5532063769190094
89,0.2945,4.0,0.0,0.0,0.6301769604456943,1.559047164237246
90,0.295,4.0,0.0,0.0,0.6300335280560587,1.56491770198531
91,0.29550000000000004,4.0,0.0,0.0,0.6298958125336133,1.5708182959416908
92,0.296,4.0,0.0,0.0,0.6297640220936062,1.576749260465682
93,0.2965,4.0,0.0,0.0,0.6296383689415236,1.5827109187323023
94,0.297,4.0,0.0,0.0,0.6295190693280486,1.5887036029735593
95,0.2975,4.0,0.0,0.0,0.6294063436045207,1.5947276547255824
96,0.298,4.0,0.0,0.0,0.6293004162788499,1.6007834250826303
97,0.2985,4.0,0.0,0.0,0.6292015160718367,1.6068712749572
98,0.29900000000000004,4.0,0.0,0.0,0.6291098759738929,1.6129915753472222
99,0.2995,4.0,0.0,0.0,0.6290257333021039,1.619144707610246
100,0.3,4.0,0.0,0.0,0.6289493297575417,1.6253310637445384
101,0.30050000000000004,4.0,0.0,0.0,0.6288809114828532,1.6315510466777274
102,0.301,4.0,0.0,0.0,0.6288207291199696,1.6378050705629776
103,0.3015,4.0,0.0,0.0,0.6287690378679371,1.6440935610831333
104,0.30200000000000005,4.0,0.0,0.0,0.6287260975407518,1.6504169557625283
105,0.3025,4.0,0.0,0.0,0.6286921726251165,1.656775704287392
106,0.303,4.0,0.0,0.0,0.6286675323380366,1.6631702688345895
107,0.3035,4.0,0.0,0.0,0.6286524506841223,1.669601124408905
108,0.30400000000000005,4.0,0.0,0.0,0.6286472065125127,1.6760687591897094
109,0.3045,4.0,0.0,0.0,0.6286520835732626,1.6825736748863724
110,0.305,4.0,0.0,0.0,0.6286673705730693,1.689116387103434
111,0.3055,4.0,0.0,0.0,0.6286933612301753,1.6956974257153543
112,0.306,4.0,0.0,0.0,0.6287303543282748,1.7023173352514245
113,0.3065,4.0,0.0,0.0,0.6287786537692474,1.7089766752905475
114,0.307,4.0,0.0,0.0,0.6288385686245557,1.7156760208669337
115,0.3075,4.0,0.0,0.0,0.6289104131849159,1.7224159628863756
116,0.308,4.0,0.0,0.0,0.6289945070083272,1.7291971085537563
117,0.3085,4.0,0.0,0.0,0.629091174965804,1.7360200818115383
118,0.30900000000000005,4.0,0.0,0.0,0.6292007472848816,1.7428855237903196
119,0.3095,4.0,0.0,0.0,0.6293235595903443,1.7497940932710623
120,0.31,4.0,0.0,0.0,0.6294599529419578,1.756746467159647
121,0.31050000000000005,4.0,0.0,0.0,0.6296102738688495,1.7637433409736645
122,0.311,4.0,0.0,0.0,0.6297748744000701,1.7707854293423546
123,0.3115,4.0,0.0,0.0,0.6299541120910158,1.7778734665193123
124,0.312,4.0,0.0,0.0,0.6301483500451357,1.7850082069084445
125,0.3125,4.0,0.0,0.0,0.630357956930583,1.7921904256039587
126,0.313,4.0,0.0,0.0,0.6305833069911035,1.7994209189437513
127,0.3135,4.0,0.0,0.0,0.6308247800507467,1.8067005050772125
128,0.314,4.0,0.0,0.0,0.6310827615116532,1.8140300245473684
129,0.3145,4.0,0.0,0.0,0.6313576423443553,1.8214103408874023
130,0.315,4.0,0.0,0.0,0.6316498190697794,1.8288423412326444
131,0.3155,4.0,0.0,0.0,0.6319596937322282,1.8363269369467734
132,0.316,4.0,0.0,0.0,0.6322876738625134,1.8438650642639929
133,0.3165,4.0,0.0,0.0,0.6326341724302839,1.8514576849461866
134,0.317,4.0,0.0,0.0,0.6329996077846854,1.8591057869561312
135,0.3175,4.0,0.0,0.0,0.6333844035821736,1.8668103851456384
136,0.318,4.0,0.0,0.0,0.6337889887005131,1.874572521960212
137,0.3185,4.0,0.0,0.0,0.6342137971376344,1.8823932681590645
138,0.31900000000000006,4.0,0.0,0.0,0.6346592678941867,1.8902737235512526
139,0.3195,4.0,0.0,0.0,0.6351258448383011,1.8982150177472337
140,0.32,4.0,0.0,0.0,0.6356139765511436,1.9062183109265576
141,0.3205,4.0,0.0,0.0,0.6361241161516699,1.9142847946204158
142,0.32099999999999995,4.0,0.0,0.0,0.6366567210988864,1.9224156925104334
143,0.3215,4.0,0.0,0.0,0.6372122529697514,1.9306122612414185
144,0.322,4.0,0.0,0.0,0.6377911772108926,1.9388757912496337
145,0.3225,4.0,0.0,0.0,0.6383939628619032,1.9472076076044365
146,0.323,4.0,0.0,0.0,0.6390210822481507,1.9556090708642107
147,0.3235,4.0,0.0,0.0,0.6396730106406001,1.9640815779444125
148,0.324,4.0,0.0,0.0,0.6403502258802565,1.9726265629986535
149,0.3245,4.0,0.0,0.0,0.641053207964344,1.9812454983097199
150,0.325,4.0,0.0,0.0,0.6417824385915573,1.989939895191654
151,0.3255,4.0,0.0,0.0,0.6425384006631595,1.998711304900022
152,0.326,4.0,0.0,0.0,0.6433215777367036,2.0075613195493953
153,0.3265,4.0,0.0,0.0,0.6441324534289911,2.016491573036962
154,0.327,4.0,0.0,0.0,0.6449715107644635,2.0255037419694024
155,0.3275,4.0,0.0,0.0,0.6458392314651996,2.034599546591652
156,0.328,4.0,0.0,0.0,0.646736095178322,2.0437807517147593
157,0.3285,4.0,0.0,0.0,0.6476625786364855,2.0530491676405904
158,0.329,4.0,0.0,0.0,0.6486191547467173,2.0624066510798835
159,0.32949999999999996,4.0,0.0,0.0,0.6496062916027775,2.071855106060813
160,0.33,4.0,0.0,0.0,0.6506244514157574,2.081396484823716
161,0.3305,4.0,0.0,0.0,0.6516740893576182,2.0910327886990325
162,0.33099999999999996,4.0,0.0,0.0,0.652755652311733,2.1007660689624643
163,0.3315,4.0,0.0,0.0,0.6538695775245459,2.1105984276633687
164,0.332,4.0,0.0,0.0,0.6550162911519665,2.1205320184206533
165,0.3325,4.0,0.0,0.0,0.6561962066938473,2.130569047179696
166,0.333,4.0,0.0,0.0,0.657409723309742,2.140711772924252
167,0.3335,4.0,0.0,0.0,0.6586572240086157,2.1509625083352057
168,0.334,4.0,0.0,0.0,0.6599390737051485,2.161323620388772
169,0.3345,4.0,0.0,0.0,0.6612556171348659,2.1717975308854043
170,0.335,4.0,0.0,0.0,0.6626071766200982,2.1823867168992037
171,0.3355,4.0,0.0,0.0,0.6639940496785509,2.193093711137857
172,0.336,4.0,0.0,0.0,0.6654165064661958,2.2039211022020124
173,0.3365,4.0,0.0,0.0,0.666874787045809,2.214871534730937
174,0.337,4.0,0.0,0.0,0.6683690984725558,2.2259477094217948
175,0.3375,4.0,0.0,0.0,0.6698996116879367,2.237152382908098
176,0.33799999999999997,4.0,0.0,0.0,0.6714664582133738,2.248488367481057
177,0.3385,4.0,0.0,0.0,0.6730697266348269,2.2599585306377343
178,0.339,4.0,0.0,0.0,0.6747094588700555,2.271565794437506
179,0.33949999999999997,4.0,0.0,0.0,0.6763856462103645,2.2833131346472153
180,0.34,4.0,0.0,0.0,0.6780982251292036,2.295203579654682
181,0.3405,4.0,0.0,0.0,0.6798470728504343,2.307240209127705
182,0.34099999999999997,4.0,0.0,0.0,0.6816320026698642,2.3194261523952204
183,0.3415,4.0,0.0,0.0,0.6834527590246481,2.331764586524877
184,0.342,4.0,0.0,0.0,0.6853090123060563,2.344258734070457
185,0.3425,4.0,0.0,0.0,0.6872003534128125,2.356911860460628
186,0.343,4.0,0.0,0.0,0.6891262880435647,2.3697272709992276
187,0.3435,4.0,0.0,0.0,0.6910862307290676,2.382708307444898
188,0.34400000000000003,4.0,0.0,0.0,0.6930794986070677,2.395858344138245
189,0.3445,4.0,0.0,0.0,0.6951053049452156,2.4091807836404633
190,0.34500000000000003,4.0,0.0,0.0,0.69716275242074,2.4226790518497756
191,0.34550000000000003,4.0,0.0,0.0,0.6992508261686493,2.4363565925565602
192,0.346,4.0,0.0,0.0,0.7013683866145164,2.4502168614008246
193,0.3465,4.0,0.0,0.0,0.7035141621121217,2.4642633191930514
194,0.34700000000000003,4.0,0.0,0.0,0.7056867414111408,2.4784994245587186
195,0.34750000000000003,4.0,0.0,0.0,0.7078845659857549,2.492928625867593
196,0.348,4.0,0.0,0.0,0.7101059222608422,2.5075543524090156
197,0.34850000000000003,4.0,0.0,0.0,0.7123489337793988,2.522380004773973
198,0.34900000000000003,4.0,0.0,0.0,0.7146115533617929,2.537408944408279
199,0.3495,4.0,0.0,0.0,0.7168915553154545,2.5526444822999834
200,0.35000000000000003,4.0,0.0,0.0,0.7191865277620598,2.568089866770209
201,0.35050000000000003,4.0,0.0,0.0,0.7214938651580712,2.58374827033719
202,0.351,4.0,0.0,0.0,0.7238107610940683,2.59962277562921
203,0.35150000000000003,4.0,0.0,0.0,0.7261342014680959,2.615716360327206
204,0.35200000000000004,4.0,0.0,0.0,0.7284609581384514,2.632031881124106
205,0.35250000000000004,4.0,0.0,0.0,0.7307875831715661,2.648572056695531
206,0.353,4.0,0.0,0.0,0.733110403811038,2.665339449685784
207,0.35350000000000004,4.0,0.0,0.0,0.7354255183041264,2.6823364477236336
208,0.35400000000000004,4.0,0.0,0.0,0.7377287927313644,2.699565243492969
209,0.3545,4.0,0.0,0.0,0.7400158589944987,2.7170278138984996
210,0.355,4.0,0.0,0.0,0.7422821141253931,2.734725898379693
211,0.35550000000000004,4.0,0.0,0.0,0.7445227210855293,2.752660976443704
212,0.35600000000000004,4.0,0.0,0.0,0.7467326112303156,2.7708342445050107
213,0.3565,4.0,0.0,0.0,0.7489064886151645,2.7892465921388427
214,0.35700000000000004,4.0,0.0,0.0,0.7510388363201697,2.807898577876615
215,0.35750000000000004,4.0,0.0,0.0,0.753123924966907,2.8267904046906023
216,0.358,4.0,0.0,0.0,0.7551558235943832,2.8459218953413257
217,0.35850000000000004,4.0,0.0,0.0,0.7571284130496776,2.8652924677787683
218,0.35900000000000004,4.0,0.0,0.0,0.7590354020340263,2.884901110816238
219,0.3595,4.0,0.0,0.0,0.7608703459240207,2.9047463603142605
220,0.36000000000000004,4.0,0.0,0.0,0.7626266684625328,2.924826276135766
221,0.36050000000000004,4.0,0.0,0.0,0.7642976863823302,2.9451384201523334
222,0.36100000000000004,4.0,0.0,0.0,0.7658766369890458,2.9656798355999423
223,0.3615,4.0,0.0,0.0,0.7673567086877293,2.9864470280976
224,0.362,4.0,0.0,0.0,0.7687310743897088,3.007435948652316
225,0.36250000000000004,4.0,0.0,0.0,0.769992927684475,3.028641978982728
226,0.363,4.0,0.0,0.0,0.7711355216046459,3.0500599194941094
227,0.3635,4.0,0.0,0.0,0.7721522097525876,3.071683980233884
228,0.36400000000000005,4.0,0.0,0.0,0.7730364894957755,3.09350777514635
229,0.3645,4.0,0.0,0.0,0.77378204687552,3.115524319928707
230,0.365,4.0,0.0,0.0,0.7743828028126385,3.1377260337632307
231,0.36550000000000005,4.0,0.0,0.0,0.7748329601352314,-3.123080562006372
232,0.36600000000000005,4.0,0.0,0.0,0.7751270508997575,-3.1005336049767904
233,0.3665,4.0,0.0,0.0,0.7752599834299844,-3.077827720097536
234,0.36700000000000005,4.0,0.0,0.0,0.7752270884599007,-3.0549727717016384
235,0.36750000000000005,4.0,0.0,0.0,0.7750241637391929,-3.0319791468044675
236,0.368,4.0,0.0,0.0,0.7746475164447358,-3.008857726615855
237,0.36850000000000005,4.0,0.0,0.0,0.774094002740029,-2.9856198535360967
238,0.36900000000000005,4.0,0.0,0.0,0.7733610638383291,-2.9622772937995343
239,0.3695,4.0,0.0,0.0,0.7724467579542427,-2.938842196001226
240,0.37000000000000005,4.0,0.0,0.0,0.7713497875733863,-2.9153270458126066
241,0.3705,4.0,0.0,0.0,0.770069521530149,-2.8917446172613834
242,0.37100000000000005,4.0,0.0,0.0,0.7686060114579227,-2.8681079210143006
243,0.3715,4.0,0.0,0.0,0.766960002263401,-2.8444301501564357
244,0.372,4.0,0.0,0.0,0.7651329363748194,-2.8207246240107215
245,0.37250000000000005,4.0,0.0,0.0,0.7631269516195746,-2.7970047305787324
246,0.373,4.0,0.0,0.0,0.7609448726984719,-2.7732838682116294
247,0.3735,4.0,0.0,0.0,0.7585901963366196,-2.7495753871341075
248,0.37400000000000005,4.0,0.0,0.0,0.7560670703036164,-2.725892531449257
249,0.3745,4.0,0.0,0.0,0.7533802666026691,-2.702248382240552
250,0.375,4.0,0.0,0.0,0.7505351492288593,-2.6786558023672344
251,0.37550000000000006,4.0,0.0,0.0,0.7475376369857689,-2.6551273835134817
252,0.37600000000000006,4.0,0.0,0.0,0.7443941619270774,-2.631675396011488
253,0.3765,4.0,0.0,0.0,0.7411116240514405,-2.608311741901525
254,0.37700000000000006,4.0,0.0,0.0,0.7376973429255855,-2.585047911635997
255,0.3775,4.0,0.0,0.0,0.7341590069397189,-2.5618949447637256
256,0.378,4.0,0.0,0.0,0.7305046209125694,-2.538863394865295
257,0.37850000000000006,4.0,0.0,0.0,0.7267424527593626,-2.5159632989339067
258,0.379,4.0,0.0,0.0,0.7228809799177358,-2.493204151327669
259,0.3795,4.0,0.0,0.0,0.7189288361934989,-2.47059488234641
260,0.38,4.0,0.0,0.0,0.7148947596435716,-2.448143841419373
261,0.3805,4.0,0.0,0.0,0.7107875420589939,-2.4258587848289848
262,0.38100000000000006,4.0,0.0,0.0,0.7066159805477156,-2.403746867835297
263,0.3815,4.0,0.0,0.0,0.7023888316497419,-2.381814641019717
264,0.382,4.0,0.0,0.0,0.698114768345302,-2.3600680506199434
265,0.38250000000000006,4.0,0.0,0.0,0.6938023402443171,-2.33851244259268
266,0.383,4.0,0.0,0.0,0.6894599371742097,-2.3171525701146827
267,0.3835,4.0,0.0,0.0,0.6850957563132863,-2.2959926042090237
268,0.38400000000000006,4.0,0.0,0.0,0.6807177729519995,-2.275036147172083
269,0.3845,4.0,0.0,0.0,0.6763337149037362,-2.254286248468155
270,0.385,4.0,0.0,0.0,0.671951040532542,-2.2337454227593256
271,0.38550000000000006,4.0,0.0,0.0,0.6675769203171604,-2.2134156697420995
272,0.386,4.0,0.0,0.0,0.6632182218292468,-2.1932984954711596
273,0.3865,4.0,0.0,0.0,0.6588814979696646,-2.1733949348654615
274,0.38700000000000007,4.0,0.0,0.0,0.6545729782786948,-2.1537055751064496
275,0.3875,4.0,0.0,0.0,0.6502985631151363,-2.134230579659393
276,0.388,4.0,0.0,0.0,0.6460638204838989,-2.114969712667266
277,0.3885,4.0,0.0,0.0,0.6418739852822843,-2.095922363490992
278,0.389,4.0,0.0,0.0,0.6377339607303907,-2.077087571190294
279,0.3895,4.0,0.0,0.0,0.6336483217510304,-2.0584640487643235
280,0.39,4.0,0.0,0.0,0.6296213200677068,-2.0400502069912063
281,0.3905,4.0,0.0,0.0,0.6256568907961837,-2.0218441777295753
282,0.39100000000000007,4.0,0.0,0.0,0.6217586603142301,-2.0038438365653404
283,0.3915,4.0,0.0,0.0,0.6179299552048594,-1.9860468247051473
284,0.392,4.0,0.0,0.0,0.6141738120817694,-1.9684505700388295
285,0.39250000000000007,4.0,0.0,0.0,0.6104929881184131,-1.9510523073079065
286,0.393,4.0,0.0,0.0,0.6068899721172183,-1.9338490973340265
287,0.3935,4.0,0.0,0.0,0.6033669959691058,-1.9168378452739618
288,0.3940000000000001,4.0,0.0,0.0,0.5999260463686985,-1.9000153178810837
289,0.3945,4.0,0.0,0.0,0.5965688766642294,-1.8833781597636268
290,0.395,4.0,0.0,0.0,0.5932970187350705,-1.8669229086398091
291,0.3955000000000001,4.0,0.0,0.0,0.5901117948029329,-1.8506460095974646
292,0.396,4.0,0.0,0.0,0.5870143290949764,-1.8345438283737283
293,0.3965,4.0,0.0,0.0,0.5840055592887332,-1.8186126636749622
294,0.397,4.0,0.0,0.0,0.5810862476791335,-1.8028487585621504
295,0.3975,4.0,0.0,0.0,0.5782569920181095,-1.7872483109313209
296,0.398,4.0,0.0,0.0,0.5755182359854777,-1.7718074831195174
297,0.3985,4.0,0.0,0.0,0.572870279258357,-1.7565224106714725
298,0.399,4.0,0.0,0.0,0.5703132871529237,-1.7413892103003819
299,0.3995000000000001,4.0,0.0,0.0,0.5678472998189616,-1.72640398707953
300,0.4,4.0,0.0,0.0,0.5654722409726641,-1.7115628408998682
301,0.4005,4.0,0.0,0.0,0.5631879261582565,-1.6968618722286872
302,0.4010000000000001,4.0,0.0,0.0,0.5609940705325427,-1.6822971872044221
303,0.4015,4.0,0.0,0.0,0.5588902961701164,-1.6678649021001979
304,0.402,4.0,0.0,0.0,0.5568761388893854,-1.6535611471881249
305,0.4025000000000001,4.0,0.0,0.0,0.5549510546019005,-1.6393820700349608
306,0.40299999999999997,4.0,0.0,0.0,0.5531144251887222,-1.6253238382553956
307,0.4035,4.0,0.0,0.0,0.5513655639091135,-1.6113826417506492
308,0.404,4.0,0.0,0.0,0.5497037203468611,-1.5975546944542185
309,0.4045,4.0,0.0,0.0,0.5481280849002337,-1.5838362356053242
310,0.405,4.0,0.0,0.0,0.5466377928210387,-1.5702235305681926
311,0.4055,4.0,0.0,0.0,0.5452319278075274,-1.5567128712110314
312,0.406,4.0,0.0,0.0,0.5439095251553483,-1.543300575856293
313,0.40650000000000003,4.0,0.0,0.0,0.5426695744683729,-1.5299829888080556
314,0.40700000000000003,4.0,0.0,0.0,0.541511021930597,-1.5167564794632524
315,0.40750000000000003,4.0,0.0,0.0,0.5404327721368707,-1.5036174410016068
316,0.40800000000000003,4.0,0.0,0.0,0.5394336894780651,-1.4905622886519823
317,0.40850000000000003,4.0,0.0,0.0,0.5385125990732131,-1.47758745752412
318,0.40900000000000003,4.0,0.0,0.0,0.5376682872367737,-1.46468939998643
319,0.4095000000000001,4.0,0.0,0.0,0.5368995014647926,-1.4518645825703471
320,0.41000000000000003,4.0,0.0,0.0,0.5362049499190277,-1.4391094823662913
321,0.41050000000000003,4.0,0.0,0.0,0.5355833003826772,-1.4264205828874292
322,0.4110000000000001,4.0,0.0,0.0,0.5350331786479203,-1.413794369308322
323,0.4115,4.0,0.0,0.0,0.5345531663001181,-1.4012273230933525
324,0.41200000000000003,4.0,0.0,0.0,0.534141797839414,-1.3887159158619324
325,0.41250000000000003,4.0,0.0,0.0,0.5337975570753096,-1.376256602455143
326,0.413,4.0,0.0,0.0,0.5335188727168645,-1.3638458130719413
327,0.41350000000000003,4.0,0.0,0.0,0.5333041130601412,-1.351479944351973
328,0.41400000000000003,4.0,0.0,0.0,0.5331515796565537,-1.3391553492458779
329,0.41450000000000004,4.0,0.0,0.0,0.5330594998197913,-1.3268683254847125
330,0.41500000000000004,4.0,0.0,0.0,0.5330260177987082,-1.3146151024187147
331,0.41550000000000004,4.0,0.0,0.0,0.5330491844075202,-1.3023918259504161
332,0.41600000000000004,4.0,0.0,0.0,0.5331269448565673,-1.2901945412234428
333,0.41650000000000004,4.0,0.0,0.0,0.5332571244733051,-1.2780191726609367
334,0.41700000000000004,4.0,0.0,0.0,0.5334374119299075,-1.2658615008507237
335,0.41750000000000004,4.0,0.0,0.0,0.5336653395077298,-1.2537171356661037
336,0.41800000000000004,4.0,0.0,0.0,0.5339382598162817,-1.2415814848636118
337,0.4185,4.0,0.0,0.0,0.5342533182440515,-1.229449717220591
338,0.41900000000000004,4.0,0.0,0.0,0.5346074202377686,-1.2173167190424827
339,0.4195000000000001,4.0,0.0,0.0,0.5349971922754881,-1.2051770425744355
340,0.42,4.0,0.0,0.0,0.5354189350983957,-1.1930248444661158
341,0.42050000000000004,4.0,0.0,0.0,0.5358685673740688,-1.1808538119395169
342,0.42100000000000004,4.0,0.0,0.0,0.5363415574482816,-1.1686570736511954
343,0.4215,4.0,0.0,0.0,0.5368328401563488,-1.156427091368197
344,0.42200000000000004,4.0,0.0,0.0,0.5373367147462376,-1.1441555274114767
345,0.42250000000000004,4.0,0.0,0.0,0.5378467187211633,-1.1318330812445678
346,0.42300000000000004,4.0,0.0,0.0,0.5383554707057052,-1.1194492864335763
347,0.42350000000000004,4.0,0.0,0.0,0.5388544730819931,-1.106992256235652
348,0.42400000000000004,4.0,0.0,0.0,0.5393338618376783,-1.0944483619228986
349,0.42450000000000004,4.0,0.0,0.0,0.5397820863748679,-1.0818018220722356
350,0.42500000000000004,4.0,0.0,0.0,0.5401854952690358,-1.069034172616397
351,0.42550000000000004,4.0,0.0,0.0,0.5405277940749496,-1.0561235751511135
352,0.42600000000000005,4.0,0.0,0.0,0.5407893265568537,-1.0430439027592702
353,0.42650000000000005,4.0,0.0,0.0,0.5409461084024979,-1.0297635150852358
354,0.427,4.0,0.0,0.0,0.5409685079517151,-1.016243591994991
355,0.42750000000000005,4.0,0.0,0.0,0.5408194138290092,-1.0024358284004813
356,0.42800000000000005,4.0,0.0,0.0,0.5404516407182084,-0.9882791851106598
357,0.4285,4.0,0.0,0.0,0.5398041766193237,-0.9736952119575167
358,0.42900000000000005,4.0,0.0,0.0,0.5387966203337385,-0.9585811540383896
359,0.42950000000000005,4.0,0.0,0.0,0.5373207038250772,-0.942799511275739
360,0.43,4.0,0.0,0.0,0.5352269506362982,-0.9261617257480428
361,0.43050000000000005,4.0,0.0,0.0,0.5323028797492068,-0.9084017515714751
362,0.43100000000000005,4.0,0.0,0.0,0.5282357889491437,-0.889131358637448
363,0.4315,4.0,0.0,0.0,0.5225457482206609,-0.867760567662162
364,0.43200000000000005,4.0,0.0,0.0,0.514456876827961,-0.8433468626409261
365,0.43250000000000005,4.0,0.0,0.0,0.5026291489806066,-0.8142861739993126
366,0.43300000000000005,4.0,0.0,0.0,0.48453792982727184,-0.7776125275978333
367,0.43350000000000005,4.0,0.0,0.0,0.45482224537846966,-0.727182019171222
368,0.43400000000000005,4.0,0.0,0.0,0.39992592001299854,-0.6479806926975195
369,0.43450000000000005,4.0,0.0,0.0,0.2747601576702971,-0.492413490280488
370,0.43500000000000005,4.0,0.0,0.0,0.14381086706770435,3.1087481977002436
371,0.4355,4.0,0.0,0.0,0.9419187596838134,-1.8798627204406186
372,0.43600000000000005,4.0,0.0,0.0,0.8626899769714755,-1.2910859090837048
373,0.43650000000000005,4.0,0.0,0.0,0.7839585199724654,-1.108831261452083
374,0.437,4.0,0.0,0.0,0.7427564817301984,-1.0210660507306144
375,0.43750000000000006,4.0,0.0,0.0,0.7189612266213751,-0.9668357711959701
376,0.43800000000000006,4.0,0.0,0.0,0.704096290399312,-0.9280790207163974
377,0.4385,4.0,0.0,0.0,0.6943500396028545,-0.8976810018260973
378,0.43900000000000006,4.0,0.0,0.0,0.687796773323093,-0.8722923640524788
379,0.43950000000000006,4.0,0.0,0.0,0.6833670977869614,-0.8501338020357116
380,0.44,4.0,0.0,0.0,0.6804217395351816,-0.830173811059219
381,0.44050000000000006,4.0,0.0,0.0,0.6785556577165531,-0.811773532934301
382,0.44100000000000006,4.0,0.0,0.0,0.6774998988462047,-0.7945162441686565
383,0.4415,4.0,0.0,0.0,0.677068846361911,-0.7781185263259706
384,0.44200000000000006,4.0,0.0,0.0,0.6771301838760749,-0.7623808790176688
385,0.44250000000000006,4.0,0.0,0.0,0.6775869490314602,-0.7471587648821287
386,0.44300000000000006,4.0,0.0,0.0,0.6783663665844213,-0.7323448668231048
387,0.44350000000000006,4.0,0.0,0.0,0.6794126542549191,-0.7178578019865458
388,0.444,4.0,0.0,0.0,0.6806822467527518,-0.703634709315648
389,0.44450000000000006,4.0,0.0,0.0,0.6821405410172006,-0.6896262442702017
390,0.44500000000000006,4.0,0.0,0.0,0.6837596264304145,-0.6757931159477949
391,0.4455,4.0,0.0,0.0,0.6855166692550948,-0.6621036394376952
392,0.44600000000000006,4.0,0.0,0.0,0.6873927415745288,-0.648531972507074
393,0.4465,4.0,0.0,0.0,0.6893719584348734,-0.6350568234579429
394,0.447,4.0,0.0,0.0,0.6914408326274806,-0.6216604896258596
395,0.44750000000000006,4.0,0.0,0.0,0.6935877857257886,-0.6083281319201964
396,0.44800000000000006,4.0,0.0,0.0,0.6958027730089084,-0.5950472205185532
397,0.4485,4.0,0.0,0.0,0.6980769925437654,-0.5818071064350172
398,0.44900000000000007,4.0,0.0,0.0,0.7004026572505735,-0.5685986868727884
399,0.44950000000000007,4.0,0.0,0.0,0.7027728146577606,-0.5554141412867777
400,0.45,4.0,0.0,0.0,0.7051812031591551,-0.5422467213478463
401,0.45050000000000007,4.0,0.0,0.0,0.7076221364929431,-0.5290905824143532
402,0.45100000000000007,4.0,0.0,0.0,0.7100904102462846,-0.5159406472659923
403,0.4515,4.0,0.0,0.0,0.7125812257014938,-0.5027924951346872
404,0.45200000000000007,4.0,0.0,0.0,0.7150901274494561,-0.4896422707309562
405,0.4525,4.0,0.0,0.0,0.7176129520181174,-0.47648660919474084
406,0.45300000000000007,4.0,0.0,0.0,0.7201457853795376,-0.46332257381671815
407,0.4535,4.0,0.0,0.0,0.7226849276635483,-0.4501476040694938
408,0.454,4.0,0.0,0.0,0.7252268637605598,-0.43695947200990154
409,0.45450000000000007,4.0,0.0,0.0,0.7277682387670289,-0.42375624551985125
410,0.455,4.0,0.0,0.0,0.7303058374380436,-0.41053625715947856
411,0.4555,4.0,0.0,0.0,0.732836566974526,-0.3972980776516323
412,0.45600000000000007,4.0,0.0,0.0,0.7353574426012413,-0.38404049320314204
413,0.4565,4.0,0.0,0.0,0.7378655754926593,-0.3707624860180479
414,0.457,4.0,0.0,0.0,0.7403581626843053,-0.35746321747668636
415,0.4575000000000001,4.0,0.0,0.0,0.742832478671021,-0.3441420135479251
416,0.4580000000000001,4.0,0.0,0.0,0.7452858684450159,-0.3307983520777225
417,0.4585,4.0,0.0,0.0,0.7477157417677663,-0.3174318516588819
418,0.4590000000000001,4.0,0.0,0.0,0.7501195685035639,-0.30404226183480965
419,0.4595000000000001,4.0,0.0,0.0,0.7524948748694308,-0.2906294544320233
420,0.46,4.0,0.0,0.0,0.7548392404783754,-0.27719341584815527
421,0.4605000000000001,4.0,0.0,0.0,0.7571502960710602,-0.2637342401499493
422,0.461,4.0,0.0,0.0,0.7594257218460898,-0.2502521228579682
423,0.4615000000000001,4.0,0.0,0.0,0.7616632463111407,-0.2367473553128846
424,0.462,4.0,0.0,0.0,0.7638606455873157,-0.22322031953568694
425,0.4625,4.0,0.0,0.0,0.7660157431079864,-0.20967148350421266
426,0.4630000000000001,4.0,0.0,0.0,0.7681264096596383,-0.19610139678302824
427,0.4635,4.0,0.0,0.0,0.7701905637188986,-0.18251068644978338
428,0.464,4.0,0.0,0.0,0.7722061720442871,-0.16890005327038077
429,0.4645000000000001,4.0,0.0,0.0,0.7741712504856236,-0.15527026808368363
430,0.465,4.0,0.0,0.0,0.7760838649772971,-0.14162216835919558
431,0.4655,4.0,0.0,0.0,0.7779421326851097,-0.12795665489789346
432,0.4660000000000001,4.0,0.0,0.0,0.779744223278215,-0.11427468865166637
433,0.4665000000000001,4.0,0.0,0.0,0.781488360300361,-0.10057728763885929
434,0.467,4.0,0.0,0.0,0.7831728226167165,-0.08686552393615857
435,0.4675000000000001,4.0,0.0,0.0,0.784795945913588,-0.07314052073396787
436,0.468,4.0,0.0,0.0,0.7863561242306518,-0.059403449438974
437,0.4685,4.0,0.0,0.0,0.7878518115060493,-0.04565552681574526
438,0.4690000000000001,4.0,0.0,0.0,0.7892815231163147,-0.03189801215650672
439,0.46950000000000003,4.0,0.0,0.0,0.7906438373942133,-0.018132204472890608
440,0.47000000000000003,4.0,0.0,0.0,0.7919373971084508,-0.0043594397048428435
441,0.47050000000000003,4.0,0.0,0.0,0.7931609108906162,0.009418912059454335
442,0.47100000000000003,4.0,0.0,0.0,0.7943131545954876,0.023201449352914166
443,0.4715000000000001,4.0,0.0,0.0,0.7953929725818871,0.03698674209236535
444,0.47200000000000003,4.0,0.0,0.0,0.7963992789022694,0.05077333433340754
445,0.47250000000000003,4.0,0.0,0.0,0.7973310583902713,0.06455974701841169
446,0.4730000000000001,4.0,0.0,0.0,0.7981873676363054,0.07834448071686248
447,0.47350000000000003,4.0,0.0,0.0,0.7989673358422198,0.09212601835488159
448,0.47400000000000003,4.0,0.0,0.0,0.7996701655473463,0.10590282793375537
449,0.4745000000000001,4.0,0.0,0.0,0.8002951332187733,0.11967336523291273
450,0.47500000000000003,4.0,0.0,0.0,0.8008415896999194,0.13343607649491546
451,0.47550000000000003,4.0,0.0,0.0,0.8013089605125897,0.1471894010888234
452,0.4760000000000001,4.0,0.0,0.0,0.801696746008409,0.1609317741486018
453,0.47650000000000003,4.0,0.0,0.0,0.8020045213663705,0.17466162918007463
454,0.47700000000000004,4.0,0.0,0.0,0.8022319364350153,0.18837740063559824
455,0.4775000000000001,4.0,0.0,0.0,0.8023787154173556,0.20207752644864937
456,0.47800000000000004,4.0,0.0,0.0,0.8024446563990884,0.21576045052658718
457,0.47850000000000004,4.0,0.0,0.0,0.8024296307201486,0.22942462519435453
458,0.479,4.0,0.0,0.0,0.802333582191577,0.24306851358677603
459,0.47950000000000004,4.0,0.0,0.0,0.8021565261601069,0.2566905919839134
460,0.48000000000000004,4.0,0.0,0.0,0.8018985484233099,0.27028935208537436
461,0.4805000000000001,4.0,0.0,0.0,0.8015598039998117,0.283863303219033
462,0.48100000000000004,4.0,0.0,0.0,0.801140515758832,0.29741097448104437
463,0.4815000000000001,4.0,0.0,0.0,0.8006409729146258,0.3109309168017998
464,0.482,4.0,0.0,0.0,0.8000615293917306,0.324421704936634
465,0.48250000000000004,4.0,0.0,0.0,0.7994026020676084,0.33788193937511984
466,0.4830000000000001,4.0,0.0,0.0,0.7986646688995591,0.35131024816872647
467,0.4835000000000001,4.0,0.0,0.0,0.7978482669436485,0.3647052886718886
468,0.48400000000000004,4.0,0.0,0.0,0.7969539902731626,0.37806574919605496
469,0.4845000000000001,4.0,0.0,0.0,0.7959824878051018,0.3913903505731334
470,0.48500000000000004,4.0,0.0,0.0,0.7949344610428111,0.40467784762776904
471,0.48550000000000004,4.0,0.0,0.0,0.7938106617436302,0.41792703055697694
472,0.4860000000000001,4.0,0.0,0.0,0.7926118895202732,0.4311367262150037
473,0.48650000000000004,4.0,0.0,0.0,0.791338989384569,0.44430579930486747
474,0.48700000000000004,4.0,0.0,0.0,0.7899928492426458,0.45743315347492963
475,0.4875,4.0,0.0,0.0,0.7885743973503657,0.4705177323204024
476,0.48800000000000004,4.0,0.0,0.0,0.7870845997375556,0.48355852029127455
477,0.48850000000000005,4.0,0.0,0.0,0.7855244576096768,0.49655454350699146
478,0.4890000000000001,4.0,0.0,0.0,0.7838950047355399,0.5095048704784341
479,0.48950000000000005,4.0,0.0,0.0,0.7821973048288947,0.5224086127389854
480,0.49000000000000005,4.0,0.0,0.0,0.7804324489321284,0.5352649253871212
481,0.4905,4.0,0.0,0.0,0.7786015528093362,0.548073007540731
482,0.49100000000000005,4.0,0.0,0.0,0.7767057543562362,0.5608321027071062
483,0.4915000000000001,4.0,0.0,0.0,0.7747462110339067,0.5735414990695282
484,0.4920000000000001,4.0,0.0,0.0,0.7727240973325206,0.5862005296945236
485,0.49250000000000005,4.0,0.0,0.0,0.7706406022713841,0.5988085726614885
486,0.493,4.0,0.0,0.0,0.7684969269411303,0.6113650511178125
487,0.4935,4.0,0.0,0.0,0.7662942820928248,0.6238694332636335
488,0.49400000000000005,4.0,0.0,0.0,0.7640338857792398,0.6363212322679843
489,0.4945000000000001,4.0,0.0,0.0,0.7617169610523608,0.6487200061209182
490,0.4950000000000001,4.0,0.0,0.0,0.7593447337212049,0.6610653574245055
491,0.49550000000000005,4.0,0.0,0.0,0.7569184301730971,0.6733569331268585
492,0.496,4.0,0.0,0.0,0.7544392752617729,0.6855944242017057
493,0.49650000000000005,4.0,0.0,0.0,0.7519084902646452,0.6977775652780082
494,0.49700000000000005,4.0,0.0,0.0,0.7493272909111902,0.7099061342239508
495,0.4975000000000001,4.0,0.0,0.0,0.7466968854847202,0.7219799516867855
496,0.49800000000000005,4.0,0.0,0.0,0.7440184729980893,0.733998880594589
497,0.49850000000000005,4.0,0.0,0.0,0.7412932414450131,0.7459628256219832
498,0.499,4.0,0.0,0.0,0.7385223661268145,0.7578717326245665
499,0.49950000000000006,4.0,0.0,0.0,0.7357070080554167,0.7697255880444742
500,0.5000000000000001,4.0,0.0,0.0,0.732848312432019,0.781524418291463
501,0.5005000000000002,4.0,0.0,0.0,0.7299474072010929,0.793268289102437
502,0.501,4.0,0.0,0.0,0.7270054016790284,0.8049573048834467
503,0.5015,4.0,0.0,0.0,0.7240233852563001,0.8165916080361485
504,0.502,4.0,0.0,0.0,0.7210024261717611,0.8281713782737772
505,0.5025000000000001,4.0,0.0,0.0,0.7179435703577988,0.8396968319277048
506,0.5030000000000001,4.0,0.0,0.0,0.7148478403542197,0.8511682212493218
507,0.5035000000000002,4.0,0.0,0.0,0.7117162342893176,0.8625858337087609
508,0.5040000000000001,4.0,0.0,0.0,0.7085497249256277,0.8739499912942769
509,0.5045,4.0,0.0,0.0,0.7053492587682733,0.8852610498145285
510,0.505,4.0,0.0,0.0,0.7021157552335017,0.8965193982060398
511,0.5055000000000001,4.0,0.0,0.0,0.6988501058746256,0.907725457848975
512,0.5060000000000001,4.0,0.0,0.0,0.695553173663058,0.9188796818929055
513,0.5065000000000001,4.0,0.0,0.0,0.6922257923212629,0.9299825545954682
514,0.5070000000000001,4.0,0.0,0.0,0.6888687657050633,0.941034590675617
515,0.5075000000000001,4.0,0.0,0.0,0.6854828672323843,0.9520363346836116
516,0.508,4.0,0.0,0.0,0.6820688393553329,0.9629883603898141
517,0.5085000000000001,4.0,0.0,0.0,0.678627393072681,0.9738912701940319
518,0.5090000000000001,4.0,0.0,0.0,0.675159207479733,0.9847456945575291
519,0.5095000000000001,4.0,0.0,0.0,0.6716649293525576,0.9955522914585252
520,0.51,4.0,0.0,0.0,0.6681451727633491,1.006311745874244
521,0.5105000000000001,4.0,0.0,0.0,0.6646005187240139,1.0170247692894245
522,0.511,4.0,0.0,0.0,0.6610315148548479,1.0276920992339695
523,0.5115000000000001,4.0,0.0,0.0,0.6574386750751764,1.0383144988507382
524,0.5120000000000001,4.0,0.0,0.0,0.6538224793129739,1.0488927564945765
525,0.5125000000000001,4.0,0.0,0.0,0.6501833732302884,1.0594276853644216
526,0.513,4.0,0.0,0.0,0.6465217679615416,1.0699201231696316
527,0.5135000000000001,4.0,0.0,0.0,0.642838039861697,1.080370931830872
528,0.5140000000000001,4.0,0.0,0.0,0.6391325302611944,1.090780997218402
529,0.5145000000000001,4.0,0.0,0.0,0.6354055452246323,1.1011512289275642
530,0.515,4.0,0.0,0.0,0.6316573553104244,1.1114825600931968
531,0.5155000000000001,4.0,0.0,0.0,0.6278881953282847,1.1217759472441007
532,0.516,4.0,0.0,0.0,0.6240982640915709,1.132032370198564
533,0.5165000000000001,4.0,0.0,0.0,0.6202877241618265,1.1422528320023964
534,0.5170000000000001,4.0,0.0,0.0,0.6164567015822114,1.152438358910294
535,0.5175000000000002,4.0,0.0,0.0,0.6126052855971762,1.1625900004119412
536,0.518,4.0,0.0,0.0,0.6087335283553037,1.1727088293040968
537,0.5185,4.0,0.0,0.0,0.6048414445924601,1.182795941809816
538,0.519,4.0,0.0,0.0,0.6009290112921823,1.1928524577462623
539,0.5195000000000001,4.0,0.0,0.0,0.5969961673204818,1.2028795207422924
540,0.5200000000000001,4.0,0.0,0.0,0.5930428130319119,1.2128782985074575
541,0.5205000000000001,4.0,0.0,0.0,0.5890688098439943,1.22284998315362
542,0.521,4.0,0.0,0.0,0.5850739797766289,1.2327957915714278
543,0.5215,4.0,0.0,0.0,0.5810581049536393,1.2427169658624868
544,0.522,4.0,0.0,0.0,0.5770209270632068,1.2526147738294915
545,0.5225000000000001,4.0,0.0,0.0,0.5729621467735786,1.262490509526331
546,0.5230000000000001,4.0,0.0,0.0,0.5688814231010727,1.2723454938698888
547,0.5235000000000001,4.0,0.0,0.0,0.5647783727265999,1.2821810753158045
548,0.5240000000000001,4.0,0.0,0.0,0.5606525692573551,1.2919986306002889
549,0.5245,4.0,0.0,0.0,0.5565035424294092,1.3017995655515255
550,0.525,4.0,0.0,0.0,0.5523307772482343,1.311585315971246
551,0.5255000000000001,4.0,0.0,0.0,0.5481337130622247,1.3213573485915409
552,0.5260000000000001,4.0,0.0,0.0,0.5439117425654924,1.331117162108483
553,0.5265000000000001,4.0,0.0,0.0,0.5396642107254462,1.3408662882962485
554,0.527,4.0,0.0,0.0,0.5353904136304847,1.3506062932055651
555,0.5275000000000001,4.0,0.0,0.0,0.5310895972530494,1.360338778449246
556,0.528,4.0,0.0,0.0,0.5267609561229517,1.3700653825802136
557,0.5285000000000001,4.0,0.0,0.0,0.5224036319053175,1.379787782565154
558,0.529,4.0,0.0,0.0,0.5180167118779224,1.3895076953589784
559,0.5295000000000001,4.0,0.0,0.0,0.5135992273017751,1.3992268795847074
560,0.53,4.0,0.0,0.0,0.5091501516783443,1.4089471373247087
561,0.5305000000000001,4.0,0.0,0.0,0.5046683988872026,1.4186703160282086
562,0.531,4.0,0.0,0.0,0.5001528211964842,1.428398310541857
563,0.5315000000000001,4.0,0.0,0.0,0.49560220713903125,1.438133065269447
564,0.532,4.0,0.0,0.0,0.49101527924586075,1.447876576468166
565,0.5325000000000001,4.0,0.0,0.0,0.4863906916286675,1.4576308946889232
566,0.533,4.0,0.0,0.0,0.48172702740217593,1.4673981273684418
567,0.5335000000000001,4.0,0.0,0.0,0.47702279593661934,1.4771804415826906
568,0.5340000000000001,4.0,0.0,0.0,0.4722764299302577,1.4869800669698576
569,0.5345000000000001,4.0,0.0,0.0,0.4674862822907024,1.496799298834187
570,0.535,4.0,0.0,0.0,0.46265062281380886,1.5066405014402218
571,0.5355,4.0,0.0,0.0,0.45776763464689585,1.516506111510099
572,0.536,4.0,0.0,0.0,0.45283541052406245,1.5263986419354234
573,0.5365000000000001,4.0,0.0,0.0,0.44785194875873674,1.5363206857172373
574,0.5370000000000001,4.0,0.0,0.0,0.4428151489782424,1.5462749201495256
575,0.5375000000000001,4.0,0.0,0.0,0.4377228075853558,1.5562641112587743
576,0.538,4.0,0.0,0.0,0.4325726129281275,1.5662911185199928
577,0.5385,4.0,0.0,0.0,0.4273621401614408,1.5763588998626343
578,0.539,4.0,0.0,0.0,0.4220888457794619,1.586470516988749
579,0.5395000000000001,4.0,0.0,0.0,0.4167500617991035,1.5966291410216522
580,0.5400000000000001,4.0,0.0,0.0,0.41134298957246407,1.6068380585075068
581,0.5405000000000001,4.0,0.0,0.0,0.4058646932041137,1.617100677793565
582,0.5410000000000001,4.0,0.0,0.0,0.4003120925500305,1.6274205358065759
583,0.5415,4.0,0.0,0.0,0.3946819557695213,1.637801305260772
584,0.542,4.0,0.0,0.0,0.38897089140466945,1.6482468023211427
585,0.5425000000000001,4.0,0.0,0.0,0.3831753399562173,1.658760994754485
586,0.5430000000000001,4.0,0.0,0.0,0.37729156492510735,1.6693480106016483
587,0.5435000000000001,4.0,0.0,0.0,0.37131564328750644,1.6800121474038499
588,0.544,4.0,0.0,0.0,0.3652434553680577,1.6907578820227815
589,0.5445,4.0,0.0,0.0,0.3590706740757371,1.701589881093754
590,0.545,4.0,0.0,0.0,0.35279275346470174,1.7125130121542826
591,0.5455000000000001,4.0,0.0,0.0,0.34640491658042516,1.7235323554946727
592,0.546,4.0,0.0,0.0,0.33990214255182283,1.7346532167770634
593,0.5465000000000001,4.0,0.0,0.0,0.3332791528861392,1.7458811404771595
594,0.547,4.0,0.0,0.0,0.32653039692576336,1.75722192419993
595,0.5475000000000001,4.0,0.0,0.0,0.31965003642264456,1.768681633929716
596,0.548,4.0,0.0,0.0,0.3126319291891191,1.7802666202722706
597,0.5485000000000001,4.0,0.0,0.0,0.3054696117809623,1.7919835357557385
598,0.549,4.0,0.0,0.0,0.2981562811741568,1.8038393532540307
599,0.5495,4.0,0.0,0.0,0.2906847753959473,1.8158413856036388
600,0.55,4.0,0.0,0.0,0.2830475530764869,1.8279973064854542
601,0.5505000000000001,4.0,0.0,0.0,0.27523667189288153,1.8403151726441407
602,0.5510000000000002,4.0,0.0,0.0,0.26724376588443427,1.8528034475205826
603,0.5515000000000001,4.0,0.0,0.0,0.2590600216270984,1.8654710263745096
604,0.552,4.0,0.0,0.0,0.25067615327154147,1.8783272629681218
605,0.5525,4.0,0.0,0.0,0.2420823764615991,1.89138199788754
606,0.553,4.0,0.0,0.0,0.2332683811745249,1.9046455885693434
607,0.5535000000000001,4.0,0.0,0.0,0.22422330355020167,1.9181289410947027
608,0.5540000000000002,4.0,0.0,0.0,0.21493569681065566,1.9318435438050097
609,0.5545000000000001,4.0,0.0,0.0,0.20539350141095786,1.9458015027815665
610,0.555,4.0,0.0,0.0,0.19558401461742636,1.960015579210533
611,0.5555,4.0,0.0,0.0,0.18549385976883978,1.9744992286363126
612,0.556,4.0,0.0,0.0,0.1751089555545305,1.989266642074395
613,0.5565000000000001,4.0,0.0,0.0,0.16441448573749337,2.0043327889163476
614,0.5570000000000002,4.0,0.0,0.0,0.15339486986254558,2.0197134615131165
615,0.5575000000000001,4.0,0.0,0.0,0.14203373562670407,2.0354253212607594
616,0.5579999999999999,4.0,0.0,0.0,0.1303138937535835,2.0514859459371753
617,0.5585,4.0,0.0,0.0,0.11821731640693751,2.0679138779462076
618,0.559,4.0,0.0,0.0,0.1057251204147836,2.0847286730094137
619,0.5595000000000001,4.0,0.0,0.0,0.09281755685017525,2.1019509487028145
620,0.5600000000000002,4.0,0.0,0.0,0.07947400883821612,2.1196024320706712
621,0.5605000000000001,4.0,0.0,0.0,0.06567299984271047,2.137706005334925
622,0.561,4.0,0.0,0.0,0.05139221512602274,2.1562857484765705
623,0.5615,4.0,0.0,0.0,0.03660853958670568,2.175366977165313
624,0.562,4.0,0.0,0.0,0.021298115763965546,2.194976274163322
625,0.5625000000000001,4.0,0.0,0.0,0.005436426451093705,2.2151415119204336
626,0.5630000000000001,4.0,0.0,0.0,0.01100159289904353,-0.9057007899906765
627,0.5635000000000001,4.0,0.0,0.0,0.028041406003488423,-0.884334854398468
628,0.5640000000000001,4.0,0.0,0.0,0.045708684977043106,-0.8623215907898909
629,0.5645000000000001,4.0,0.0,0.0,0.0640290692464883,-0.8396280271827734
630,0.5650000000000001,4.0,0.0,0.0,0.08302786556316162,-0.8162200389020027
631,0.5655000000000001,4.0,0.0,0.0,0.10272967973136211,-0.792062459012387
632,0.5660000000000001,4.0,0.0,0.0,0.12315797002951763,-0.7671192311704313
633,0.5665,4.0,0.0,0.0,0.14433451194168903,-0.7413536129558205
634,0.5670000000000001,4.0,0.0,0.0,0.16627876389465002,-0.7147284385829858
635,0.5675000000000001,4.0,0.0,0.0,0.18900712441847398,-0.6872064505799473
636,0.5680000000000001,4.0,0.0,0.0,0.21253207275486746,-0.6587507104956929
637,0.5685000000000001,4.0,0.0,0.0,0.23686118775625892,-0.6293250987534885
638,0.5690000000000001,4.0,0.0,0.0,0.2619960442412551,-0.5988949132945669
639,0.5695,4.0,0.0,0.0,0.2879309922127663,-0.5674275753519803
640,0.5700000000000001,4.0,0.0,0.0,0.3146518327687655,-0.5348934484055855
641,0.5705000000000001,4.0,0.0,0.0,0.342134415443695,-0.5012667727330233
642,0.5710000000000002,4.0,0.0,0.0,0.3703431951538056,-0.46652671279830127
643,0.5715,4.0,0.0,0.0,0.39922980267974484,-0.4306585077604484
644,0.5720000000000001,4.0,0.0,0.0,0.42873170008208084,-0.39365470655155516
645,0.5725,4.0,0.0,0.0,0.4587710104158799,-0.3555164583463285
646,0.5730000000000001,4.0,0.0,0.0,0.4892536277485114,-0.31625481717144316
647,0.5735000000000001,4.0,0.0,0.0,0.5200687262575553,-0.2758920065769776
648,0.5740000000000002,4.0,0.0,0.0,0.5510887929551131,-0.2344625778310749
649,0.5745000000000001,4.0,0.0,0.0,0.582170303916009,-0.19201438452098304
650,0.575,4.0,0.0,0.0,0.6131551455505031,-0.14860928964307965
651,0.5755,4.0,0.0,0.0,0.643872848224532,-0.10432352020752245
652,0.5760000000000001,4.0,0.0,0.0,0.6741436488405508,-0.059247591041358794
653,0.5765000000000001,4.0,0.0,0.0,0.7037823341088908,-0.013485735045704494
654,0.5770000000000002,4.0,0.0,0.0,0.7326027422978268,0.032845197914469874
655,0.5775000000000001,4.0,0.0,0.0,0.7604227266176197,0.07961737820285063
656,0.5780000000000001,4.0,0.0,0.0,0.7870693183504454,0.12669413559205459
657,0.5785,4.0,0.0,0.0,0.8123837832609339,0.17393252589133654
658,0.5790000000000001,4.0,0.0,0.0,0.8362262497373049,0.22118621326160964
659,0.5795000000000001,4.0,0.0,0.0,0.858479606626698,0.26830852746958267
660,0.5800000000000001,4.0,0.0,0.0,0.8790524224446835,0.3151555387624871
661,0.5805000000000001,4.0,0.0,0.0,0.8978807192846188,0.3615889913521051
662,0.5810000000000001,4.0,0.0,0.0,0.9149285332268771,0.4074789499529934
663,0.5815,4.0,0.0,0.0,0.9301872946410412,0.4527060403970605
664,0.5820000000000001,4.0,0.0,0.0,0.9436741529333746,0.4971632011780719
665,0.5825000000000001,4.0,0.0,0.0,0.9554294402401963,0.5407569029589531
666,0.5830000000000001,4.0,0.0,0.0,0.9655135110181463,0.5834078326117996
667,0.5835,4.0,0.0,0.0,0.97400320817047,0.6250510730137353
668,0.5840000000000001,4.0,0.0,0.0,0.980988194425491,0.6656358366534736
669,0.5845000000000001,4.0,0.0,0.0,0.9865673563196055,0.7051248287637997
670,0.5850000000000001,4.0,0.0,0.0,0.9908454448390944,0.7434933241992155
671,0.5855000000000001,4.0,0.0,0.0,0.9939300688646219,0.7807280427773591
672,0.5860000000000001,4.0,0.0,0.0,0.9959291110917452,0.8168259020866151
673,0.5865,4.0,0.0,0.0,0.9969485953173575,0.8517927168279129
674,0.5870000000000001,4.0,0.0,0.0,0.997091001255467,0.8856419015880668
675,0.5875000000000001,4.0,0.0,0.0,0.9964539991237704,0.9183932210662407
676,0.5880000000000001,4.0,0.0,0.0,0.9951295606876666,0.9500716194749067
677,0.5885,4.0,0.0,0.0,0.9932033950850121,0.9807061498491106
678,0.5890000000000001,4.0,0.0,0.0,0.9907546550691718,1.010329014755183
679,0.5895,4.0,0.0,0.0,0.9878558607420087,1.0389747225266648
680,0.5900000000000001,4.0,0.0,0.0,0.9845729919971024,1.0666793576019002
681,0.5905000000000001,4.0,0.0,0.0,0.9809657065840223,1.0934799595983067
682,0.5910000000000002,4.0,0.0,0.0,0.9770876470569037,1.119414003177978
683,0.5915,4.0,0.0,0.0,0.972986806236797,1.1445189692811417
684,0.592,4.0,0.0,0.0,0.9687059268048508,1.1688319976573422
685,0.5925,4.0,0.0,0.0,0.9642829159974688,1.1923896105846676
686,0.5930000000000001,4.0,0.0,0.0,0.9597512610013921,1.2152274980660418
687,0.5935000000000001,4.0,0.0,0.0,0.9551404345218417,1.2373803554363154
688,0.5940000000000002,4.0,0.0,0.0,0.9504762831573741,1.2588817651379514
689,0.5945000000000001,4.0,0.0,0.0,0.9457813937344302,1.279764115295405
690,0.595,4.0,0.0,0.0,0.9410754347134701,1.300058548612506
691,0.5955,4.0,0.0,0.0,0.9363754712685376,1.3197949359697287
692,0.5960000000000001,4.0,0.0,0.0,0.9316962537432741,1.3390018699007213
693,0.5965000000000001,4.0,0.0,0.0,0.9270504799773609,1.3577066738501635
694,0.5970000000000001,4.0,0.0,0.0,0.9224490325397179,1.3759354237700252
695,0.5975000000000001,4.0,0.0,0.0,0.9179011922616764,1.393712979178233
696,0.5980000000000001,4.0,0.0,0.0,0.9134148296707018,1.411063021301206
697,0.5985,4.0,0.0,0.0,0.9089965760275239,1.428008096352687
698,0.5990000000000001,4.0,0.0,0.0,0.9046519756941498,1.4445696623611346
699,0.5995000000000001,4.0,0.0,0.0,0.9003856215286064,1.46076813826883
700,0.6000000000000001,4.0,0.0,0.0,0.896201274934973,1.4766229542824845
701,0.6005,4.0,0.0,0.0,0.8921019721031305,1.4921526026757488
702,0.6010000000000001,4.0,0.0,0.0,0.8880901178695533,1.5073746884166908
703,0.6015,4.0,0.0,0.0,0.8841675685158513,1.522305979147461
704,0.6020000000000001,4.0,0.0,0.0,0.8803357047088772,1.5369624541619156
705,0.6025000000000001,4.0,0.0,0.0,0.876595495675242,1.5513593521275442
706,0.6030000000000001,4.0,0.0,0.0,0.8729475555958509,1.5655112173774273
707,0.6035,4.0,0.0,0.0,0.8693921931059362,1.5794319446656655
708,0.6040000000000001,4.0,0.0,0.0,0.8659294546929744,1.5931348223307393
709,0.6045000000000001,4.0,0.0,0.0,0.8625591626987928,1.60663257385372
710,0.6050000000000001,4.0,0.0,0.0,0.8592809485538956,1.6199373978330933
711,0.6055,4.0,0.0,0.0,0.8560942818010604,1.6330610064229223
712,0.6060000000000001,4.0,0.0,0.0,0.8529984954006719,1.64601466230582
713,0.6065,4.0,0.0,0.0,0.8499928077530889,1.6588092142845976
714,0.6070000000000001,4.0,0.0,0.0,0.847076341821193,1.671455131594784
715,0.6075000000000002,4.0,0.0,0.0,0.8442481416898969,1.683962537048463
716,0.6080000000000001,4.0,0.0,0.0,0.8415071868579072,1.6963412391308799
717,0.6085,4.0,0.0,0.0,0.8388524045207516,1.7086007631764637
718,0.609,4.0,0.0,0.0,0.8362826800695483,1.7207503817630836
719,0.6095,4.0,0.0,0.0,0.8337968660019741,1.7327991444643562
720,0.6100000000000001,4.0,0.0,0.0,0.831393789413745,1.7447559071126326
721,0.6105000000000002,4.0,0.0,0.0,0.829072258215957,1.7566293607279833
722,0.6110000000000002,4.0,0.0,0.0,0.826831066201305,1.7684280602802867
723,0.6115,4.0,0.0,0.0,0.8246689970625419,1.780160453458429
724,0.612,4.0,0.0,0.0,0.8225848274474864,1.791834909634624
725,0.6125,4.0,0.0,0.0,0.8205773291185519,1.8034597492214788
726,0.6130000000000001,4.0,0.0,0.0,0.8186452702674835,1.8150432736369575
727,0.6135000000000002,4.0,0.0,0.0,0.816787416020376,1.8265937961101228
728,0.6140000000000001,4.0,0.0,0.0,0.8150025281525369,1.8381196735806922
729,0.6145000000000002,4.0,0.0,0.0,0.813289364016,1.8496293399722217
730,0.615,4.0,0.0,0.0,0.8116466746667528,1.8611313411467445
731,0.6155,4.0,0.0,0.0,0.8100732021604378,1.8726343718856688
732,0.6160000000000001,4.0,0.0,0.0,0.8085676759663631,1.884147315280398
733,0.6165000000000002,4.0,0.0,0.0,0.8071288084278795,1.8956792849690034
734,0.6170000000000001,4.0,0.0,0.0,0.8057552891734567,1.9072396707085655
735,0.6175,4.0,0.0,0.0,0.8044457783541649,1.9188381878443306
736,0.6180000000000001,4.0,0.0,0.0,0.8031988985508001,1.9304849313167622
737,0.6185,4.0,0.0,0.0,0.8020132251551831,1.942190434942039
738,0.6190000000000001,4.0,0.0,0.0,0.8008872749833897,1.9539657368176528
739,0.6195000000000002,4.0,0.0,0.0,0.7998194928228574,1.9658224518377736
740,0.6200000000000001,4.0,0.0,0.0,0.7988082355471683,1.9777728524666085
741,0.6205,4.0,0.0,0.0,0.7978517533487338,1.98982995910953
742,0.6210000000000001,4.0,0.0,0.0,0.7969481675370647,2.002007641653715
743,0.6215,4.0,0.0,0.0,0.796095444223082,2.0143207340282956
744,0.6220000000000001,4.0,0.0,0.0,0.7952913630513782,2.0267851639705254
745,0.6225,4.0,0.0,0.0,0.7945334799448706,2.0394181005872944
746,0.6230000000000001,4.0,0.0,0.0,0.7938190825767076,2.052238122798812
747,0.6235,4.0,0.0,0.0,0.7931451369704524,2.0652654123451506
748,0.6240000000000001,4.0,0.0,0.0,0.7925082232300682,2.0785219757753346
749,0.6245000000000002,4.0,0.0,0.0,0.7919044578922111,2.092031900732338
750,0.6250000000000001,4.0,0.0,0.0,0.791329399740467,2.105821652957742
751,0.6255000000000001,4.0,0.0,0.0,0.7907779350798985,2.1199204218038252
752,0.626,4.0,0.0,0.0,0.7902441373800798,2.1343605237374743
753,0.6265000000000001,4.0,0.0,0.0,0.7897210947747444,2.1491778754307598
754,0.6270000000000001,4.0,0.0,0.0,0.7892006970464749,2.1644125506670235
755,0.6275000000000002,4.0,0.0,0.0,0.7886733712744372,2.180109438599038
756,0.6280000000000001,4.0,0.0,0.0,0.7881277520771611,2.196319025054324
757,0.6285000000000001,4.0,0.0,0.0,0.7875502680564922,2.213098323831018
758,0.629,4.0,0.0,0.0,0.7869246202499132,2.2305119915761287
759,0.6295000000000001,4.0,0.0,0.0,0.7862311205798835,2.2486336682656565
760,0.6300000000000001,4.0,0.0,0.0,0.7854458476857687,2.267547596020236
761,0.6305000000000002,4.0,0.0,0.0,0.784539563065251,2.2873505825968543
762,0.6310000000000001,4.0,0.0,0.0,0.7834763106347687,2.3081543931678734
763,0.6315000000000001,4.0,0.0,0.0,0.7822115955313116,2.3300886758174197
764,0.632,4.0,0.0,0.0,0.7806900002745047,2.3533045535285293
765,0.6325000000000001,4.0,0.0,0.0,0.778842044199639,2.377979049223816
766,0.6330000000000001,4.0,0.0,0.0,0.7765800197974393,2.404320551138652
767,0.6335000000000002,4.0,0.0,0.0,0.7737924399069007,2.4325755727596055
768,0.6340000000000001,4.0,0.0,0.0,0.77033659347779,2.463037111277099
769,0.6345000000000001,4.0,0.0,0.0,0.7660285248777706,2.496054951588416
770,0.635,4.0,0.0,0.0,0.7606295150521872,2.5320482779110414
771,0.6355000000000001,4.0,0.0,0.0,0.7538278566804585,2.571520896942979
772,0.6360000000000001,4.0,0.0,0.0,0.7452144185559473,2.6150791551480643
773,0.6365000000000001,4.0,0.0,0.0,0.7342503104223359,2.6634520754078297
774,0.6370000000000001,4.0,0.0,0.0,0.7202252037250693,2.7175120280418197
775,0.6375000000000001,4.0,0.0,0.0,0.7022062501532311,2.7782918414473947
776,0.6380000000000001,4.0,0.0,0.0,0.678981531193543,2.8469897987237727
777,0.6385000000000001,4.0,0.0,0.0,0.6490112060800787,2.924946403726533
778,0.6390000000000001,4.0,0.0,0.0,0.610417772956304,3.013565606287405
779,0.6395000000000001,4.0,0.0,0.0,0.5610766038230819,3.1141407320851355
780,0.6400000000000001,4.0,0.0,0.0,0.4989013505394639,-3.055643132800139
781,0.6405000000000001,4.0,0.0,0.0,0.4224189556816672,-2.9294304627819057
782,0.6410000000000001,4.0,0.0,0.0,0.33161742292922897,-2.791833959589906
783,0.6415000000000002,4.0,0.0,0.0,0.2287679856369649,-2.64603988370391
784,0.6420000000000001,4.0,0.0,0.0,0.11862469956691322,-2.4968223004208823
785,0.6425000000000001,4.0,0.0,0.0,0.007529852466425244,-2.3497007760742292
786,0.643,4.0,0.0,0.0,0.09829614339214728,0.9318652204641967
787,0.6435000000000001,4.0,0.0,0.0,0.19430493963036324,1.061082375795369
788,0.6440000000000001,4.0,0.0,0.0,0.27822838592221344,1.177711894412822
789,0.6445000000000002,4.0,0.0,0.0,0.34976278012977213,1.2814466241403655
790,0.645,4.0,0.0,0.0,0.40984644871847237,1.3729916708628283
791,0.6455000000000001,4.0,0.0,0.0,0.45998372418068045,1.453573232807701
792,0.646,4.0,0.0,0.0,0.5017943072117401,1.5245890091711445
793,0.6465000000000001,4.0,0.0,0.0,0.5367778659945396,1.5874045609932406
794,0.6470000000000001,4.0,0.0,0.0,0.5662222251813922,1.6432557199925035
795,0.6475000000000002,4.0,0.0,0.0,0.5911892823876274,1.693215017995014
796,0.6480000000000001,4.0,0.0,0.0,0.6125357477416002,1.7381917485808207
797,0.6485,4.0,0.0,0.0,0.630945376688691,1.778947178601615
798,0.649,4.0,0.0,0.0,0.6469616833244187,1.8161148646310796
799,0.6495000000000001,4.0,0.0,0.0,0.6610167690786896,1.8502211361000092
800,0.6500000000000001,4.0,0.0,0.0,0.6734551120222619,1.8817036185555536
801,0.6505000000000002,4.0,0.0,0.0,0.6845525394585412,1.9109271077785952
802,0.6510000000000001,4.0,0.0,0.0,0.6945310894451178,1.9381967833554228
803,0.6515000000000001,4.0,0.0,0.0,0.7035705496759467,1.9637690322205266
804,0.652,4.0,0.0,0.0,0.711817386919069,1.9878602394022926
805,0.6525000000000001,4.0,0.0,0.0,0.7193916580421151,2.0106539003482053
806,0.6530000000000001,4.0,0.0,0.0,0.7263923713461621,2.0323063702540702
807,0.6535000000000001,4.0,0.0,0.0,0.7329016612572911,2.0529515165124064
808,0.6540000000000001,4.0,0.0,0.0,0.7389880540650954,2.0727044923109013
809,0.6545000000000001,4.0,0.0,0.0,0.7447090358217998,2.0916648070635633
810,0.655,4.0,0.0,0.0,0.7501130825773175,2.1099188339283663
811,0.6555000000000001,4.0,0.0,0.0,0.7552412745483954,2.1275418658492544
812,0.6560000000000001,4.0,0.0,0.0,0.7601285867460161,2.1445998085076172
813,0.6565000000000001,4.0,0.0,0.0,0.7648049267038484,2.1611505802945574
814,0.657,4.0,0.0,0.0,0.7692959734689827,2.1772452750032487
815,0.6575000000000001,4.0,0.0,0.0,0.7736238595727675,2.1929291315942523
816,0.6580000000000001,4.0,0.0,0.0,0.7778077282739289,2.208242346461119
817,0.6585000000000001,4.0,0.0,0.0,0.7818641911975576,2.2232207565860196
818,0.6590000000000001,4.0,0.0,0.0,0.7858077060175237,2.237896416423813
819,0.6595000000000001,4.0,0.0,0.0,0.789650889626946,2.2522980869535365
820,0.66,4.0,0.0,0.0,0.7934047789997756,2.2664516518455846
821,0.6605000000000001,4.0,0.0,0.0,0.7970790494345723,2.2803804729109705
822,0.6610000000000001,4.0,0.0,0.0,0.8006821979141415,2.2941056947707654
823,0.6615000000000002,4.0,0.0,0.0,0.8042216977832742,2.307646506901752
824,0.662,4.0,0.0,0.0,0.8077041297417691,2.3210203697702276
825,0.6625000000000001,4.0,0.0,0.0,0.8111352931981222,2.3342432106065174
826,0.663,4.0,0.0,0.0,0.8145203012723206,2.3473295934233085
827,0.6635000000000001,4.0,0.0,0.0,0.8178636621338282,2.3602928671140853
828,0.6640000000000001,4.0,0.0,0.0,0.8211693488770482,2.373145294836137
829,0.6645000000000002,4.0,0.0,0.0,0.8244408597478775,2.3858981673664017
830,0.6650000000000001,4.0,0.0,0.0,0.8276812702205872,2.3985619026928227
831,0.6655,4.0,0.0,0.0,0.8308932781690047,2.41114613375024
832,0.666,4.0,0.0,0.0,0.834079243168691,2.4236597859210387
833,0.6665000000000001,4.0,0.0,0.0,0.8372412207961907,2.436111145674281
834,0.6670000000000001,4.0,0.0,0.0,0.8403809926526675,2.4485079215175434
835,0.6675000000000002,4.0,0.0,0.0,0.8435000927236643,2.460857298264363
836,0.6680000000000001,4.0,0.0,0.0,0.8465998305920881,2.4731659854780665
837,0.6685,4.0,0.0,0.0,0.8496813119425702,2.485440260833511
838,0.669,4.0,0.0,0.0,0.8527454567296507,2.497686009036404
839,0.6695000000000001,4.0,0.0,0.0,0.8557930153277622,2.5099087568556904
840,0.6700000000000002,4.0,0.0,0.0,0.8588245829345248,2.5221137047497932
841,0.6705000000000001,4.0,0.0,0.0,0.8618406124609798,2.534305755508872
842,0.6710000000000002,4.0,0.0,0.0,0.8648414261094842,2.5464895402809478
843,0.6715000000000001,4.0,0.0,0.0,0.867827225812197,2.5586694423047245
844,0.672,4.0,0.0,0.0,0.8707981026810396,2.5708496186376375
845,0.6725000000000001,4.0,0.0,0.0,0.8737540455985718,2.583034020130298
846,0.6730000000000002,4.0,0.0,0.0,0.8766949490636818,2.595226409874973
847,0.6735000000000001,4.0,0.0,0.0,0.879620620391083,2.6074303803314276
848,0.674,4.0,0.0,0.0,0.8825307863510723,2.619649369312422
849,0.6745000000000001,4.0,0.0,0.0,0.8854250993257604,2.631886674996032
850,0.6750000000000002,4.0,0.0,0.0,0.8883031430487184,2.6441454701183957
851,0.6755000000000001,4.0,0.0,0.0,0.8911644379868082,2.6564288154867257
852,0.6760000000000002,4.0,0.0,0.0,0.894008446416673,2.668739672946925
853,0.6765000000000001,4.0,0.0,0.0,0.8968345772417895,2.681080917929608
854,0.677,4.0,0.0,0.0,0.8996421905910712,2.6934553516943907
855,0.6775000000000001,4.0,0.0,0.0,0.902430602235661,2.7058657133902497
856,0.6780000000000002,4.0,0.0,0.0,0.9051990878557842,2.718314692044197
857,0.6785000000000001,4.0,0.0,0.0,0.9079468871868853,2.7308049385943116
858,0.679,4.0,0.0,0.0,0.9106732080702877,2.7433390780821707
859,0.6795000000000001,4.0,0.0,0.0,0.9133772304311686,2.75591972212357
860,0.68,4.0,0.0,0.0,0.9160581102038594,2.7685494817820517
861,0.6805000000000001,4.0,0.0,0.0,0.9187149832219618,2.781230980975904
862,0.6810000000000002,4.0,0.0,0.0,0.9213469690885062,2.7939668705583838
863,0.6815000000000002,4.0,0.0,0.0,0.9239531750393258,2.8067598432243317
864,0.682,4.0,0.0,0.0,0.926532699810388,2.819612649407998
865,0.6825,4.0,0.0,0.0,0.929084637517496,2.832528114355623
866,0.683,4.0,0.0,0.0,0.9316080815547202,2.8455091565773363
867,0.6835000000000001,4.0,0.0,0.0,0.9341021285152867,2.858558807908195
868,0.6840000000000002,4.0,0.0,0.0,0.9365658821356142,2.871680235437756
869,0.6845000000000002,4.0,0.0,0.0,0.9389984572597823,2.8848767656017626
870,0.6850000000000002,4.0,0.0,0.0,0.9413989838186522,2.8981519107777256
871,0.6855,4.0,0.0,0.0,0.9437666108119163,2.911509398769349
872,0.686,4.0,0.0,0.0,0.9461005102767704,2.9249532056323737
873,0.6865000000000001,4.0,0.0,0.0,0.9483998812191716,2.9384875923642855
874,0.6870000000000002,4.0,0.0,0.0,0.9506639534747376,2.952117146067261
875,0.6875000000000001,4.0,0.0,0.0,0.9528919914551547,2.965846826300904
876,0.6880000000000002,4.0,0.0,0.0,0.9550832977213263,2.979682017467143
877,0.6885000000000001,4.0,0.0,0.0,0.9572372163056078,2.9936285882230274
878,0.6890000000000001,4.0,0.0,0.0,0.9593531356814073,3.0076929591037627
879,0.6895000000000001,4.0,0.0,0.0,0.9614304912468906,3.021882179768104
880,0.6900000000000002,4.0,0.0,0.0,0.9634687671480399,3.0362040175530445
881,0.6905000000000001,4.0,0.0,0.0,0.9654674972122997,3.050667059370104
882,0.6910000000000001,4.0,0.0,0.0,0.9674262646926254,3.065280829398736
883,0.6915000000000001,4.0,0.0,0.0,0.9693447004267213,3.080055925555809
884,0.6920000000000001,4.0,0.0,0.0,0.9712224788903288,3.095004178377429
885,0.6925000000000001,4.0,0.0,0.0,0.9730593114541923,3.11013883676913
886,0.6930000000000002,4.0,0.0,0.0,0.9748549359270557,3.1254747861183945
887,0.6935000000000001,4.0,0.0,0.0,0.976609101159079,3.1410288055762967
888,0.6940000000000001,4.0,0.0,0.0,0.978321545060611,-3.1263654341873544
889,0.6945000000000001,4.0,0.0,0.0,0.979991963816607,-3.1103157790403433
890,0.6950000000000002,4.0,0.0,0.0,0.9816199692833433,-3.0939829995269283
891,0.6955000000000001,4.0,0.0,0.0,0.9832050304506521,-3.0773390384488746
892,0.6960000000000001,4.0,0.0,0.0,0.9847463933064045,-3.060351683775704
893,0.6965000000000001,4.0,0.0,0.0,0.986242971253427,-3.0429837957100743
894,0.6970000000000001,4.0,0.0,0.0,0.9876931951109496,-3.025192358599489
895,0.6975000000000001,4.0,0.0,0.0,0.9890948072406445,-3.0069273099273075
896,0.6980000000000002,4.0,0.0,0.0,0.9904445778014923,-2.988130083297657
897,0.6985000000000001,4.0,0.0,0.0,0.9917379115194453,-2.968731781339523
898,0.6990000000000001,4.0,0.0,0.0,0.9929682990371886,-2.9486508653956727
899,0.6995,4.0,0.0,0.0,0.9941265453148384,-2.92779020818973
900,0.7000000000000001,4.0,0.0,0.0,0.9951996745457244,-2.9060332981261707
901,0.7005000000000001,4.0,0.0,0.0,0.9961693598699183,-2.8832393015055366
902,0.7010000000000002,4.0,0.0,0.0,0.997009645571219,-2.8592365696169506
903,0.7015000000000002,4.0,0.0,0.0,0.997683600436945,-2.833814002706103
904,0.7020000000000001,4.0,0.0,0.0,0.9981383308633125,-2.8067094231362093
905,0.7025,4.0,0.0,0.0,0.9982974338704664,-2.7775937201311622
906,0.7030000000000001,4.0,0.0,0.0,0.9980493814155911,-2.746048936843
907,0.7035000000000001,4.0,0.0,0.0,0.997229313319987,-2.7115375657599388
908,0.7040000000000002,4.0,0.0,0.0,0.9955899368917175,-2.673358931206751
909,0.7045000000000001,4.0,0.0,0.0,0.9927540575428464,-2.63058642624157
910,0.7050000000000002,4.0,0.0,0.0,0.9881355366822463,-2.5819762478269457
911,0.7055,4.0,0.0,0.0,0.9808051242261612,-2.525834004594868
912,0.7060000000000001,4.0,0.0,0.0,0.969259334394863,-2.459820994538874
913,0.7065000000000001,4.0,0.0,0.0,0.9510207890948379,-2.380681728001003
914,0.7070000000000002,4.0,0.0,0.0,0.9219620702469159,-2.2838958814466017
915,0.7075000000000001,4.0,0.0,0.0,0.8752555366364603,-2.1633564618321843
916,0.7080000000000001,4.0,0.0,0.0,0.8001510345111512,-2.011493265089638
917,0.7085000000000001,4.0,0.0,0.0,0.6820773656952023,-1.8210048283755245
918,0.7090000000000001,4.0,0.0,0.0,0.5084284271401583,-1.590105161292729
919,0.7095000000000001,4.0,0.0,0.0,0.28375314026413273,-1.330661252259532
920,0.7100000000000002,4.0,0.0,0.0,0.04062840061560882,-1.0696631487022288
921,0.7105000000000001,4.0,0.0,0.0,0.17889662894024394,2.3065107031991414
922,0.7110000000000001,4.0,0.0,0.0,0.3524598864953098,2.5010667234467356
923,0.7115000000000001,4.0,0.0,0.0,0.4804040600470812,2.656350352210154
924,0.7120000000000001,4.0,0.0,0.0,0.5725962152413385,2.7794112843176824
925,0.7125000000000001,4.0,0.0,0.0,0.6392567239762555,2.8779161051904905
926,0.7130000000000001,4.0,0.0,0.0,0.6881868732859943,2.9581435978724615
927,0.7135000000000001,4.0,0.0,0.0,0.7247804824004965,3.0247659809505145
928,0.7140000000000001,4.0,0.0,0.0,0.752661241188055,3.081152763876042
929,0.7145000000000001,4.0,0.0,0.0,0.7742645969437479,3.129723744624047
930,0.7150000000000002,4.0,0.0,0.0,0.7912486561491437,-3.1109551041113668
931,0.7155000000000001,4.0,0.0,0.0,0.8047627491439111,-3.0732293080797453
932,0.7160000000000001,4.0,0.0,0.0,0.8156192394860784,-3.039329020346083
933,0.7165,4.0,0.0,0.0,0.8244035728333367,-3.0085328893637624
934,0.7170000000000001,4.0,0.0,0.0,0.8315455657867551,-2.9802881569237423
935,0.7175000000000001,4.0,0.0,0.0,0.8373663150514821,-2.954165397013188
936,0.7180000000000002,4.0,0.0,0.0,0.8421096032287122,-2.929826698975246
937,0.7185000000000001,4.0,0.0,0.0,0.8459632979548216,-2.9070029938616018
938,0.7190000000000001,4.0,0.0,0.0,0.8490741850504182,-2.885477672506754
939,0.7195,4.0,0.0,0.0,0.8515584202668994,-2.865074589434068
940,0.7200000000000001,4.0,0.0,0.0,0.8535090086658577,-2.8456491647040645
941,0.7205000000000001,4.0,0.0,0.0,0.8550012351989935,-2.827081702728382
942,0.7210000000000002,4.0,0.0,0.0,0.856096661556485,-2.8092723177471055
943,0.7215000000000001,4.0,0.0,0.0,0.8568461052612246,-2.79213703782247
944,0.7220000000000001,4.0,0.0,0.0,0.8572918865139981,-2.7756047832581197
945,0.7225,4.0,0.0,0.0,0.8574695415100427,-2.759615000898143
946,0.7230000000000001,4.0,0.0,0.0,0.8574091423876335,-2.7441157954386717
947,0.7235000000000001,4.0,0.0,0.0,0.8571363239100511,-2.729062441018576
948,0.7240000000000002,4.0,0.0,0.0,0.8566730892206552,-2.7144161864278358
949,0.7245000000000001,4.0,0.0,0.0,0.8560384475326801,-2.700143288970813
950,0.7250000000000001,4.0,0.0,0.0,0.8552489227880236,-2.686214227837069
951,0.7255,4.0,0.0,0.0,0.8543189623954456,-2.6726030594715198
952,0.7260000000000001,4.0,0.0,0.0,0.8532612679596858,-2.6592868860822847
953,0.7265000000000001,4.0,0.0,0.0,0.8520870646414673,-2.646245414904478
954,0.7270000000000002,4.0,0.0,0.0,0.850806321888415,-2.6334605907317656
955,0.7275,4.0,0.0,0.0,0.8494279353698546,-2.620916287959176
956,0.7280000000000001,4.0,0.0,0.0,0.847959877759581,-2.6085980512389972
957,0.7285000000000001,4.0,0.0,0.0,0.8464093243519686,-2.596492876064122
958,0.7290000000000001,4.0,0.0,0.0,0.8447827582290923,-2.584589022314929
959,0.7295000000000001,4.0,0.0,0.0,0.8430860587210584,-2.572875855152209
960,0.7300000000000002,4.0,0.0,0.0,0.8413245761450405,-2.5613437087010653
961,0.7305,4.0,0.0,0.0,0.8395031952192428,-2.549983768811672
962,0.7310000000000001,4.0,0.0,0.0,0.8376263890861233,-2.5387879718578654
963,0.7315000000000002,4.0,0.0,0.0,0.8356982655113782,-2.527748917065192
964,0.7320000000000001,4.0,0.0,0.0,0.8337226065383111,-2.516859790301614
965,0.7325000000000002,4.0,0.0,0.0,0.8317029026420752,-2.5061142976064668
966,0.7330000000000002,4.0,0.0,0.0,0.8296423822459412,-2.4955066070266536
967,0.7335,4.0,0.0,0.0,0.8275440373085381,-2.485031297553978
968,0.7340000000000001,4.0,0.0,0.0,0.8254106455720486,-2.4746833141549445
969,0.7345000000000002,4.0,0.0,0.0,0.8232447899611485,-2.4644579280380565
970,0.7350000000000002,4.0,0.0,0.0,0.8210488755412063,-2.4543507014336976
971,0.7355000000000002,4.0,0.0,0.0,0.8188251443796011,-2.444357456272162
972,0.736,4.0,0.0,0.0,0.8165756885970649,-2.4344742462320355
973,0.7365,4.0,0.0,0.0,0.8143024618518642,-2.4246973317071663
974,0.7370000000000001,4.0,0.0,0.0,0.8120072894613484,-2.415023157303637
975,0.7375000000000002,4.0,0.0,0.0,0.8096918773343589,-2.4054483315302835
976,0.7380000000000002,4.0,0.0,0.0,0.807357819860315,-2.3959696083889486
977,0.7385000000000003,4.0,0.0,0.0,0.8050066068799071,-2.386583870610317
978,0.739,4.0,0.0,0.0,0.8026396298428589,-2.377288114310903
979,0.7395,4.0,0.0,0.0,0.8002581872412861,-2.368079434871697
980,0.7400000000000001,4.0,0.0,0.0,0.7978634893945349,-2.358955013863106
981,0.7405000000000002,4.0,0.0,0.0,0.7954566626496595,-2.349912106859187
982,0.7410000000000002,4.0,0.0,0.0,0.7930387530496608,-2.3409480319960387
983,0.7415,4.0,0.0,0.0,0.7906107295145132,-2.332060159145759
984,0.7420000000000001,4.0,0.0,0.0,0.7881734865711043,-2.323245899585269
985,0.7425,4.0,0.0,0.0,0.7857278466608711,-2.3145026960471204
986,0.7430000000000001,4.0,0.0,0.0,0.7832745620476653,-2.305828013045328
987,0.7435000000000002,4.0,0.0,0.0,0.7808143163424075,-2.297219327374293
988,0.7440000000000002,4.0,0.0,0.0,0.7783477256555544,-2.2886741186801896
989,0.7445,4.0,0.0,0.0,0.7758753393815324,-2.280189860003314
990,0.7450000000000001,4.0,0.0,0.0,0.7733976406166434,-2.2717640081929837
991,0.7455,4.0,0.0,0.0,0.7709150462032662,-2.2633939940877257
992,0.7460000000000001,4.0,0.0,0.0,0.7684279063898534,-2.2550772123533966
993,0.7465000000000002,4.0,0.0,0.0,0.7659365040897959,-2.24681101086319
994,0.7470000000000002,4.0,0.0,0.0,0.7634410537142644,-2.2385926794921556
995,0.7475,4.0,0.0,0.0,0.7609416995498635,-2.2304194381918974
996,0.7480000000000001,4.0,0.0,0.0,0.7584385136412369,-2.222288424191604
997,0.7485000000000002,4.0,0.0,0.0,0.7559314931314693,-2.2141966781563727
998,0.7490000000000001,4.0,0.0,0.0,0.753420557002391,-2.206141129111224
999,0.7495000000000002,4.0,0.0,0.0,0.7509055421443891,-2.198118577912049
1000,0.75,4.0,0.0,0.0,0.7483861986721937,-2.190125679013662
